id,context
0,"MOND is an example of a class of theories known as modified gravity, and is an alternative to the hypothesis that the dynamics of galaxies are determined by massive, invisible dark matter halos. Since Milgrom's original proposal, proponents of MOND have claimed to successfully predict a variety of galactic phenomena that they state are difficult to understand as consequences of dark matter.Though MOND explains the anomalously great rotational velocities of galaxies at their perimeters, it does not fully explain the velocity dispersions of individual galaxies within galaxy clusters. MOND reduces the discrepancy between the velocity dispersions and clusters' observed missing baryonic mass from a factor of around 10 to a factor of about 2. However, the residual discrepancy cannot be accounted for by MOND, requiring that other explanations close the gap such as the presence of as-yet undetected missing baryonic matter.The accurate measurement of the speed of gravitational waves compared to the speed of light in 2017 ruled out a certain class of modified gravity theories but concluded that other MOND theories that dispense with the need for dark matter remained viable. Two years later, theories put forth by Constantinos Skordis and Tom Zlosnik were consistent with gravitational waves that always travel at the speed of light. Later still in 2021, Skordis and Zlosnik developed a subclass of their theory called ""RMOND"", for ""relativistic MOND"", which had ""been shown to reproduce in great detail the main observations in cosmology, including the cosmic-microwave-background power spectrum, and the matter structure power spectrum."" 

Since MOND modifies Newtonian dynamics in an acceleration-dependent way, it predicts a specific relationship between the acceleration of a star at any radius from the centre of a galaxy and the amount of unseen (dark matter) mass within that radius that would be inferred in a Newtonian analysis. This is known as the mass discrepancy-acceleration relation, and has been measured observationally. One aspect of the MOND prediction is that the mass of the inferred dark matter goes to zero when the stellar centripetal acceleration becomes greater than a0, where MOND reverts to Newtonian mechanics. In a dark matter hypothesis, it is a challenge to understand why this mass should correlate so closely with acceleration, and why there appears to be a critical acceleration above which dark matter is not required.

Modified Newtonian dynamics (MOND) is a hypothesis that proposes a modification of Newton's law of universal gravitation to account for observed properties of galaxies. It is an alternative to the hypothesis of dark matter in terms of explaining why galaxies do not appear to obey the currently understood laws of physics.

In a 2022 published survey of dwarf galaxies from the Fornax Deep Survey (FDS) catalogue, a group of astronomers and physicists conclude that 'observed deformations of dwarf galaxies in the Fornax Cluster and the lack of low surface brightness dwarfs towards its centre are incompatible with ΛCDM expectations but well consistent with MOND.' In 2022, Kroupa et al published a study of open star clusters, arguing that asymmetry in the population of leading and trailing tidal tails, and the observed lifetime of these clusters, are inconsistent with Newtonian dynamics but consistent with MOND.

Definition of gravity modified The Modified Newtonian dynamics or MOND hypothesis proposed that the force of gravity deviates from the traditional Newtonian value to a very different force law at very low accelerations on the order of 10−10 m/s2. Given the low accelerations placed on the spacecraft while in the outer Solar System, MOND may be in effect, modifying the normal gravitational equations. The Lunar Laser Ranging experiment combined with data of LAGEOS satellites refutes that simple gravity modification is the cause of the Pioneer anomaly. The precession of the longitudes of perihelia of the solar planets or the trajectories of long-period comets have not been reported to experience an anomalous gravitational field toward the Sun of the magnitude capable of describing the Pioneer anomaly.

It is currently debated whether this discrepancy is a consequence of the nature of the dark matter, of the influence of dynamical processes during galaxy formation, or of shortcomings in dynamical modelling of the observational data.

Definition of inertia modified MOND can also be interpreted as a modification of inertia, perhaps due to an interaction with vacuum energy, and such a trajectory-dependent theory could account for the different accelerations apparently acting on the orbiting planets and the Pioneer craft on their escape trajectories. A possible terrestrial test for evidence of a different model of modified inertia has also been proposed.

One potential astrophysical test of MOND is to investigate whether isolated galaxies behave differently from otherwise-identical galaxies that are under the influence of a strong external field. Another is to search for non-Newtonian behaviour in the motion of binary star systems where the stars are sufficiently separated for their accelerations to be below a0. Testing MOND using the redshift-dependence of radial acceleration – Sabine Hossenfelder and Tobias Mistele propose a parameter-free MOND model they call Covariant Emergent Gravity and suggest that as measurements of radial acceleration improve, various MOND models and particle dark matter might be distinguishable because MOND predicts a much smaller redshift-dependence.

It has been suggested that MOND could be tested in the Solar System using the LISA Pathfinder mission (launched in 2015). In particular, it may be possible to detect the anomalous tidal stresses predicted by MOND to exist at the Earth-Sun saddlepoint of the Newtonian gravitational potential. It may also be possible to measure MOND corrections to the perihelion precession of the planets in the Solar System, or a purpose-built spacecraft.

Moreover, satellite galaxies are not the only astronomical objects that are gravitationally bound to larger host galaxies (see globular clusters). For this reason, astronomers have defined galaxies as gravitationally bound collections of stars that exhibit properties that cannot be explained by a combination of baryonic matter (i.e. ordinary matter) and Newton's laws of gravity. For example, measurements of the orbital speed of stars and gas within spiral galaxies result in a velocity curve that deviates significantly from the theoretical prediction. This observation has motivated various explanations such as the theory of dark matter and modifications to Newtonian dynamics. Therefore, despite also being satellites of host galaxies, globular clusters should not be mistaken for satellite galaxies. Satellite galaxies are not only more extended and diffuse compared to globular clusters, but are also enshrouded in massive dark matter halos that are thought to have been endowed to them during the formation process.Satellite galaxies generally lead tumultuous lives due to their chaotic interactions with both the larger host galaxy and other satellites. For example, the host galaxy is capable of disrupting the orbiting satellites via tidal and ram pressure stripping. These environmental effects can remove large amounts of cold gas from satellites (i.e. the fuel for star formation), and this can result in satellites becoming quiescent in the sense that they have ceased to form stars. Moreover, satellites can also collide with their host galaxy resulting in a minor merger (i.e. merger event between galaxies of significantly different masses). On the other hand, satellites can also merge with one another resulting in a major merger (i.e. merger event between galaxies of comparable masses). Galaxies are mostly composed of empty space, interstellar gas and dust, and therefore galaxy mergers do not necessarily involve collisions between objects from one galaxy and objects from the other, however, these events generally result in much more massive galaxies. Consequently, astronomers seek to constrain the rate at which both minor and major mergers occur to better understand the formation of gigantic structures of gravitationally bound conglomerations of galaxies such as galactic groups and clusters."
1,"Dynamic scaling (sometimes known as Family-Vicsek scaling) is a litmus test that shows whether an evolving system exhibits self-similarity. In general a function is said to exhibit dynamic scaling if it satisfies: f(x,t)∼tθφ(xtz).

The dynamical systems approach is so called because the whole phenomenon is represented as a system consisting of several elements (or subsystems) that interact and change dynamically (i.e., over time). More simply, it consists of taking a holistic phenomenon and splitting it up into separate parts that are assumed to interact with each other. In the dynamical systems approach, one sets out explicitly with mathematical formulae how different subsystems interact with each other. This mathematical description is the model of the system, and one can use a variety of methods to study the dynamics predicted by the model, as well as attempt to test the model by comparing its predictions with observed empirical, dynamic evidence.

2. Critical fluctuations. If switching patterns of behavior is due to loss of stability, direct measures of fluctuations of the order parameter should be detectable as the critical point approaches.

Self-tuning systems are typically composed of four components: expectations, measurement, analysis, and actions. The expectations describe how the system should behave given exogenous conditions. Measurements gather data about the conditions and behaviour. Analysis helps determine whether the expectations are being met- and which subsequent actions should be performed. Common actions are gathering more data and performing dynamic reconfiguration of the system.

Dynamic priority scheduling is a type of scheduling algorithm in which the priorities are calculated during the execution of the system. The goal of dynamic priority scheduling is to adapt to dynamically changing progress and to form an optimal configuration in a self-sustained manner. It can be very hard to produce well-defined policies to achieve the goal depending on the difficulty of a given problem.

A statistic can be used to estimate a scale parameter so long as it: Is location-invariant, Scales linearly with the scale parameter, and Converges as the sample size grows.Various measures of statistical dispersion satisfy these.  In order to make the statistic a consistent estimator for the scale parameter, one must in general multiply the statistic by a constant scale factor. This scale factor is defined as the theoretical value of the value obtained by dividing the required scale parameter by the asymptotic value of the statistic. Note that the scale factor depends on the distribution in question.

Statistical analysis will provide measurements of structural change at correspondent locations.

As a simplified example, consider a test object with a life distribution that roughly matches a normal distribution. Tests at various stress levels would yield different values for the mean and standard deviation of the distribution. (its parameters) One would then use a known model or attempt to fit a model to relate how each stress factor influenced the distributions parameters. This relation would then be used to estimate the life distribution at operating conditions.

Systems theory is the transdisciplinary study of systems, i.e. cohesive groups of interrelated, interdependent components that can be natural or human-made. Every system has causal boundaries, is influenced by its context, defined by its structure, function and role, and expressed through its relations with other systems. A system is ""more than the sum of its parts"" by expressing synergy or emergent behavior.Changing one component of a system may affect other components or the whole system. It may be possible to predict these changes in patterns of behavior. For systems that learn and adapt, the growth and the degree of adaptation depend upon how well the system is engaged with its environment and other contexts influencing its organization. Some systems support other systems, maintaining the other system to prevent failure. The goals of systems theory are to model a system's dynamics, constraints, conditions, and relations; and to elucidate principles (such as purpose, measure, methods, tools) that can be discerned and applied to other systems at every level of nesting, and in a wide range of fields for achieving optimized equifinality.General systems theory is about developing broadly applicable concepts and principles, as opposed to concepts and principles specific to one domain of knowledge. It distinguishes dynamic or active systems from static or passive systems. Active systems are activity structures or components that interact in behaviours and processes or interrelate through formal contextual boundary conditions (attractors). Passive systems are structures and components that are being processed. For example, a program is passive when it is a disc file and active when it runs in memory. The field is related to systems thinking, machine logic, and systems engineering.

Description of different building paths for implementing or adjusting interoperable information systems. This is also called the dynamic part of the architecture. It tells organization, how to iteratively develop the elements mentioned above."
